fov,posz,phi,posy,posx,theta,event_name,match_id
80.03924560546875,187,133,-1072,-1075,343,hltv_fixed,c3ddd683
54.03943634033203,187,133,-1072,-1075,343,hltv_fixed,c3ddd683
85.11631774902344,187,133,-1072,-1075,343,hltv_fixed,c3ddd683
77.72808837890625,187,133,-1072,-1075,343,hltv_fixed,c3ddd683
64.5960693359375,187,133,-1072,-1075,343,hltv_fixed,c3ddd683
82.3439712524414,187,133,-1072,-1075,343,hltv_fixed,c3ddd683
105.86972045898438,187,133,-1072,-1075,343,hltv_fixed,c3ddd683
69.92462921142578,187,133,-1072,-1075,343,hltv_fixed,c3ddd683
