player_name,player_steamid,damage,event_name,tick,match_id
【﻿ＰＫ】,76561197996437459,17.68014144897461,player_falldamage,10175,c3ddd683
Talevor,76561198124241179,0.2976190447807312,player_falldamage,15677,c3ddd683
MonsTro,76561198340888446,23.632522583007812,player_falldamage,38042,c3ddd683
Erick,76561198000238678,18.154762268066406,player_falldamage,53686,c3ddd683
【﻿ＰＫ】,76561197996437459,5.775379180908203,player_falldamage,57247,c3ddd683
Talevor,76561198124241179,0.2976190447807312,player_falldamage,105380,c3ddd683
Cujura,76561198051880621,6.25,player_falldamage,144872,c3ddd683
AVARA KÉRABA,76561198397576589,18.154762268066406,player_falldamage,187099,c3ddd683
